[{"pk": 1, "model": "core.user", "fields": {"username": "test_user_0", "first_name": "", "last_name": "", "language": "en", "is_active": true, "is_superuser": false, "is_staff": false, "last_login": "2013-10-22T20:52:10.308Z", "groups": [], "user_permissions": [], "password": "pbkdf2_sha256$10000$ofTBh4p989tZ$VceHShnGPF3CUqy2m1br24jmtepsee+TFkQvdq9ElQs=", "email": "testemail0@localhost.local", "date_joined": "2013-10-22T20:52:10.308Z"}}, {"pk": 2, "model": "core.user", "fields": {"username": "test_user_1", "first_name": "", "last_name": "", "language": "en", "is_active": true, "is_superuser": false, "is_staff": false, "last_login": "2013-10-22T20:52:10.451Z", "groups": [], "user_permissions": [], "password": "pbkdf2_sha256$10000$DRk1hJFKFEMT$veGt6lOQADU+B/ayyE86/i57HtEoYkg2slpl0PJQAek=", "email": "testemail1@localhost.local", "date_joined": "2013-10-22T20:52:10.451Z"}}, {"pk": 3, "model": "core.user", "fields": {"username": "test_user_2", "first_name": "", "last_name": "", "language": "en", "is_active": true, "is_superuser": false, "is_staff": false, "last_login": "2013-10-22T20:52:10.600Z", "groups": [], "user_permissions": [], "password": "pbkdf2_sha256$10000$Chov7rRMLbDv$mmk5rn37XUzmgjmje3tkCV6H+BVmZxZh88/0IOYcH7s=", "email": "testemail2@localhost.local", "date_joined": "2013-10-22T20:52:10.600Z"}}, {"pk": 4, "model": "core.user", "fields": {"username": "test_user_3", "first_name": "", "last_name": "", "language": "en", "is_active": true, "is_superuser": false, "is_staff": false, "last_login": "2013-10-22T20:52:10.745Z", "groups": [], "user_permissions": [], "password": "pbkdf2_sha256$10000$NrymnHT0hAIx$haMdkUrk0b/eRwMXAAH1hf4zUaVMz2v9AnR22vfMd/w=", "email": "testemail3@localhost.local", "date_joined": "2013-10-22T20:52:10.745Z"}}, {"pk": 5, "model": "core.user", "fields": {"username": "test_user_4", "first_name": "", "last_name": "", "language": "en", "is_active": true, "is_superuser": false, "is_staff": false, "last_login": "2013-10-22T20:52:10.895Z", "groups": [], "user_permissions": [], "password": "pbkdf2_sha256$10000$CjNryQkDX5x0$aL66sheXYOYYQhj9C41MIIIPuDe2suXzxBqfybkaTng=", "email": "testemail4@localhost.local", "date_joined": "2013-10-22T20:52:10.895Z"}}, {"pk": 6, "model": "core.user", "fields": {"username": "test_user_5", "first_name": "", "last_name": "", "language": "en", "is_active": true, "is_superuser": false, "is_staff": false, "last_login": "2013-10-22T20:52:11.036Z", "groups": [], "user_permissions": [], "password": "pbkdf2_sha256$10000$ibdPS3HpBXsE$AfgM4MhyhaqaL0hr57tyebIcXx1HZ53Wf3qQosE0bKk=", "email": "testemail5@localhost.local", "date_joined": "2013-10-22T20:52:11.036Z"}}, {"pk": 7, "model": "core.user", "fields": {"username": "test_user_6", "first_name": "", "last_name": "", "language": "en", "is_active": true, "is_superuser": false, "is_staff": false, "last_login": "2013-10-22T20:52:11.190Z", "groups": [], "user_permissions": [], "password": "pbkdf2_sha256$10000$uFie3eNk2tr2$xwfLhbsOE8XqFh5j3e5PY6AHebNXhMWZv5ZYnMfcN7M=", "email": "testemail6@localhost.local", "date_joined": "2013-10-22T20:52:11.190Z"}}, {"pk": 8, "model": "core.user", "fields": {"username": "test_user_7", "first_name": "", "last_name": "", "language": "en", "is_active": true, "is_superuser": false, "is_staff": false, "last_login": "2013-10-22T20:52:11.338Z", "groups": [], "user_permissions": [], "password": "pbkdf2_sha256$10000$XxDyDFaFBKDe$jz9uwxofjBc0q2MnEq+7qKmoiWEt3t2OVdD6GJIPbxI=", "email": "testemail7@localhost.local", "date_joined": "2013-10-22T20:52:11.338Z"}}, {"pk": 9, "model": "core.user", "fields": {"username": "test_user_8", "first_name": "", "last_name": "", "language": "en", "is_active": true, "is_superuser": false, "is_staff": false, "last_login": "2013-10-22T20:52:11.503Z", "groups": [], "user_permissions": [], "password": "pbkdf2_sha256$10000$3tTczLibNsgR$uSklyajSf3LXcILj0OcYXkw+/vEbKOWOloY8c59M19c=", "email": "testemail8@localhost.local", "date_joined": "2013-10-22T20:52:11.503Z"}}, {"pk": 10, "model": "core.user", "fields": {"username": "test_user_9", "first_name": "", "last_name": "", "language": "en", "is_active": true, "is_superuser": false, "is_staff": false, "last_login": "2013-10-22T20:52:11.650Z", "groups": [], "user_permissions": [], "password": "pbkdf2_sha256$10000$KWRwJu5fIhJT$/NFOdXv/y+GuHB1zese4b9YPx02WsiLQV/x3VoIJrVg=", "email": "testemail9@localhost.local", "date_joined": "2013-10-22T20:52:11.650Z"}}, {"pk": 11, "model": "core.user", "fields": {"username": "test_user_10", "first_name": "", "last_name": "", "language": "en", "is_active": true, "is_superuser": false, "is_staff": false, "last_login": "2013-10-22T20:52:11.810Z", "groups": [], "user_permissions": [], "password": "pbkdf2_sha256$10000$wQC8yXpyZUrp$oxiwFL+a8Zx10e6TOb5YJocxoHHmyQ5N5V/tBl98Y/I=", "email": "testemail10@localhost.local", "date_joined": "2013-10-22T20:52:11.810Z"}}, {"pk": 12, "model": "core.user", "fields": {"username": "test_user_11", "first_name": "", "last_name": "", "language": "en", "is_active": true, "is_superuser": false, "is_staff": false, "last_login": "2013-10-22T20:52:11.959Z", "groups": [], "user_permissions": [], "password": "pbkdf2_sha256$10000$egKEW0Oo9aEF$ncbmSt6I2iZ4hwK2oMK1GJqwkkkneNp41yXxg6xxOXM=", "email": "testemail11@localhost.local", "date_joined": "2013-10-22T20:52:11.959Z"}}, {"pk": 13, "model": "core.user", "fields": {"username": "test_user_12", "first_name": "", "last_name": "", "language": "en", "is_active": true, "is_superuser": false, "is_staff": false, "last_login": "2013-10-22T20:52:12.104Z", "groups": [], "user_permissions": [], "password": "pbkdf2_sha256$10000$zCDzenvjAFFA$Xg+4I1r7dugnPjgWdJN3SqlfiSjjOIT/FrYB1GiuRYk=", "email": "testemail12@localhost.local", "date_joined": "2013-10-22T20:52:12.104Z"}}, {"pk": 14, "model": "core.user", "fields": {"username": "test_user_13", "first_name": "", "last_name": "", "language": "en", "is_active": true, "is_superuser": false, "is_staff": false, "last_login": "2013-10-22T20:52:12.248Z", "groups": [], "user_permissions": [], "password": "pbkdf2_sha256$10000$afOL6AUgD9fI$LCa5KVhs7QVgMNPGl2u282wVXaSBwYgMBLAog3cTVWk=", "email": "testemail13@localhost.local", "date_joined": "2013-10-22T20:52:12.248Z"}}, {"pk": 15, "model": "core.user", "fields": {"username": "test_user_14", "first_name": "", "last_name": "", "language": "en", "is_active": true, "is_superuser": false, "is_staff": false, "last_login": "2013-10-22T20:52:12.430Z", "groups": [], "user_permissions": [], "password": "pbkdf2_sha256$10000$AiVCQZZk2UgY$gZTkLK8DAVAVC5AFOVWFaZRpcY4haHjTJEi3ki4X8FY=", "email": "testemail14@localhost.local", "date_joined": "2013-10-22T20:52:12.430Z"}}, {"pk": 16, "model": "core.user", "fields": {"username": "test_user_15", "first_name": "", "last_name": "", "language": "en", "is_active": true, "is_superuser": false, "is_staff": false, "last_login": "2013-10-22T20:52:12.575Z", "groups": [], "user_permissions": [], "password": "pbkdf2_sha256$10000$n8mn5UxbOdW4$c7v4WM4aryEski+MNke/DGYeW8cIOWMd4MbPyaG94Es=", "email": "testemail15@localhost.local", "date_joined": "2013-10-22T20:52:12.575Z"}}, {"pk": 17, "model": "core.user", "fields": {"username": "test_user_16", "first_name": "", "last_name": "", "language": "en", "is_active": true, "is_superuser": false, "is_staff": false, "last_login": "2013-10-22T20:52:12.725Z", "groups": [], "user_permissions": [], "password": "pbkdf2_sha256$10000$EV4oKA0TegsG$5H1OH8faqrbKX8b21KW1ddX215vSTO0PpsFwJVHQlfA=", "email": "testemail16@localhost.local", "date_joined": "2013-10-22T20:52:12.725Z"}}, {"pk": 18, "model": "core.user", "fields": {"username": "test_user_17", "first_name": "", "last_name": "", "language": "en", "is_active": true, "is_superuser": false, "is_staff": false, "last_login": "2013-10-22T20:52:12.874Z", "groups": [], "user_permissions": [], "password": "pbkdf2_sha256$10000$TCUow2CnKZPW$LQrrAvzufi7jRcPmaqSz9gPSjCkUNMl8nfwczcZtGiA=", "email": "testemail17@localhost.local", "date_joined": "2013-10-22T20:52:12.874Z"}}, {"pk": 19, "model": "core.user", "fields": {"username": "test_user_18", "first_name": "", "last_name": "", "language": "en", "is_active": true, "is_superuser": false, "is_staff": false, "last_login": "2013-10-22T20:52:13.017Z", "groups": [], "user_permissions": [], "password": "pbkdf2_sha256$10000$QhTE50axhjnl$8JuVlR+sfNRzRRCymtNnzUPrbghupZn0amtOFsk/g50=", "email": "testemail18@localhost.local", "date_joined": "2013-10-22T20:52:13.018Z"}}, {"pk": 20, "model": "core.user", "fields": {"username": "test_user_19", "first_name": "", "last_name": "", "language": "en", "is_active": true, "is_superuser": false, "is_staff": false, "last_login": "2013-10-22T20:52:13.162Z", "groups": [], "user_permissions": [], "password": "pbkdf2_sha256$10000$P6BCJVjJCOsd$/rS7E+psD8FKIGJK28ayJp4YVA3hYQFMNmTeZA0W0oA=", "email": "testemail19@localhost.local", "date_joined": "2013-10-22T20:52:13.162Z"}}, {"pk": 21, "model": "core.user", "fields": {"username": "test_user_20", "first_name": "", "last_name": "", "language": "en", "is_active": true, "is_superuser": false, "is_staff": false, "last_login": "2013-10-22T20:52:13.308Z", "groups": [], "user_permissions": [], "password": "pbkdf2_sha256$10000$SrfkDQhPMQRi$tqutFM2UJjUlhNOchD6xbG7r3uR2rIPZDIFHwhdEBLY=", "email": "testemail20@localhost.local", "date_joined": "2013-10-22T20:52:13.308Z"}}, {"pk": 22, "model": "core.user", "fields": {"username": "test_user_21", "first_name": "", "last_name": "", "language": "en", "is_active": true, "is_superuser": false, "is_staff": false, "last_login": "2013-10-22T20:52:13.460Z", "groups": [], "user_permissions": [], "password": "pbkdf2_sha256$10000$Z1JKxd2avqCS$wSzsoSKlZPhUmlUjTdalh89RvngSaMnhis4H4DLnCAQ=", "email": "testemail21@localhost.local", "date_joined": "2013-10-22T20:52:13.460Z"}}, {"pk": 23, "model": "core.user", "fields": {"username": "test_user_22", "first_name": "", "last_name": "", "language": "en", "is_active": true, "is_superuser": false, "is_staff": false, "last_login": "2013-10-22T20:52:13.612Z", "groups": [], "user_permissions": [], "password": "pbkdf2_sha256$10000$JjfYrL3zrDBG$usZhkHjeZc+Fm5Ii7VRNo6qA2j+e2xMw1Yd9H9HEkSI=", "email": "testemail22@localhost.local", "date_joined": "2013-10-22T20:52:13.612Z"}}, {"pk": 24, "model": "core.user", "fields": {"username": "test_user_23", "first_name": "", "last_name": "", "language": "en", "is_active": true, "is_superuser": false, "is_staff": false, "last_login": "2013-10-22T20:52:13.759Z", "groups": [], "user_permissions": [], "password": "pbkdf2_sha256$10000$1FOFPO0Po1Bg$0CqrhdXLme+xMywHCerkoS/7mY0J2t9ywGHMMLolXGw=", "email": "testemail23@localhost.local", "date_joined": "2013-10-22T20:52:13.759Z"}}, {"pk": 25, "model": "core.user", "fields": {"username": "test_user_24", "first_name": "", "last_name": "", "language": "en", "is_active": true, "is_superuser": false, "is_staff": false, "last_login": "2013-10-22T20:52:13.901Z", "groups": [], "user_permissions": [], "password": "pbkdf2_sha256$10000$Ewvapay3IpXt$h4CA533YDDu+LYIegxsFp1hib2ZWfRo8+RYhwoo2zsw=", "email": "testemail24@localhost.local", "date_joined": "2013-10-22T20:52:13.901Z"}}, {"pk": 26, "model": "core.user", "fields": {"username": "test_user_25", "first_name": "", "last_name": "", "language": "en", "is_active": true, "is_superuser": false, "is_staff": false, "last_login": "2013-10-22T20:52:14.050Z", "groups": [], "user_permissions": [], "password": "pbkdf2_sha256$10000$iYWDZ2uZRINB$ZL2wWYIyewDwDRYSC4J07P9ERMcxHMnx3zpBsRUFvQQ=", "email": "testemail25@localhost.local", "date_joined": "2013-10-22T20:52:14.050Z"}}, {"pk": 27, "model": "core.user", "fields": {"username": "test_user_26", "first_name": "", "last_name": "", "language": "en", "is_active": true, "is_superuser": false, "is_staff": false, "last_login": "2013-10-22T20:52:14.203Z", "groups": [], "user_permissions": [], "password": "pbkdf2_sha256$10000$FQ9ptTHq4JH9$s7gipm/P9OjVE26L0tFYBi6l49Ipu8yNM0SEBB70GYc=", "email": "testemail26@localhost.local", "date_joined": "2013-10-22T20:52:14.203Z"}}, {"pk": 28, "model": "core.user", "fields": {"username": "test_user_27", "first_name": "", "last_name": "", "language": "en", "is_active": true, "is_superuser": false, "is_staff": false, "last_login": "2013-10-22T20:52:14.352Z", "groups": [], "user_permissions": [], "password": "pbkdf2_sha256$10000$iIEcC1oV0aEh$py+A6Wj82bR0RN4VuUEzDFlJ7EkmxGxYujpCGOmS8iQ=", "email": "testemail27@localhost.local", "date_joined": "2013-10-22T20:52:14.352Z"}}, {"pk": 29, "model": "core.user", "fields": {"username": "test_user_28", "first_name": "", "last_name": "", "language": "en", "is_active": true, "is_superuser": false, "is_staff": false, "last_login": "2013-10-22T20:52:14.494Z", "groups": [], "user_permissions": [], "password": "pbkdf2_sha256$10000$A5rHiT2FG2Ul$kKGO2ZZ3uH53qyHegXmOaJQ57V6MCM6mG4f6goYrsGc=", "email": "testemail28@localhost.local", "date_joined": "2013-10-22T20:52:14.494Z"}}, {"pk": 30, "model": "core.user", "fields": {"username": "test_user_29", "first_name": "", "last_name": "", "language": "en", "is_active": true, "is_superuser": false, "is_staff": false, "last_login": "2013-10-22T20:52:14.644Z", "groups": [], "user_permissions": [], "password": "pbkdf2_sha256$10000$hFLZDrFVrEx2$Ie8TXIaOLlnOm9aztGyAdeMMsSsdxJdNUoD2nhaqSbU=", "email": "testemail29@localhost.local", "date_joined": "2013-10-22T20:52:14.644Z"}}, {"pk": 31, "model": "core.user", "fields": {"username": "test_user_30", "first_name": "", "last_name": "", "language": "en", "is_active": true, "is_superuser": false, "is_staff": false, "last_login": "2013-10-22T20:52:14.795Z", "groups": [], "user_permissions": [], "password": "pbkdf2_sha256$10000$OG5q4A6Z0AMs$u8rqZn0rnhU7hdydkXq/QKgp7VHFjz8xCeE2Q/2EAOM=", "email": "testemail30@localhost.local", "date_joined": "2013-10-22T20:52:14.795Z"}}, {"pk": 32, "model": "core.user", "fields": {"username": "test_user_31", "first_name": "", "last_name": "", "language": "en", "is_active": true, "is_superuser": false, "is_staff": false, "last_login": "2013-10-22T20:52:14.939Z", "groups": [], "user_permissions": [], "password": "pbkdf2_sha256$10000$bur04BdO9pk6$fjnU7JUHHcErrQBz5ogvtWrQtyc/hcv4tXAzymjp5WM=", "email": "testemail31@localhost.local", "date_joined": "2013-10-22T20:52:14.939Z"}}, {"pk": 33, "model": "core.user", "fields": {"username": "test_user_32", "first_name": "", "last_name": "", "language": "en", "is_active": true, "is_superuser": false, "is_staff": false, "last_login": "2013-10-22T20:52:15.084Z", "groups": [], "user_permissions": [], "password": "pbkdf2_sha256$10000$qYqUcny1k4FA$/vCuIWkegcFSOAVpNK7wycuUld7jC1W/KVRwbzaBvj8=", "email": "testemail32@localhost.local", "date_joined": "2013-10-22T20:52:15.084Z"}}, {"pk": 34, "model": "core.user", "fields": {"username": "test_user_33", "first_name": "", "last_name": "", "language": "en", "is_active": true, "is_superuser": false, "is_staff": false, "last_login": "2013-10-22T20:52:15.229Z", "groups": [], "user_permissions": [], "password": "pbkdf2_sha256$10000$u4VKctPqUE5c$7kPXvMh6c+Tw09zSBOWCtSbxQ7v7Baoa22y03tGVEyo=", "email": "testemail33@localhost.local", "date_joined": "2013-10-22T20:52:15.229Z"}}, {"pk": 35, "model": "core.user", "fields": {"username": "test_user_34", "first_name": "", "last_name": "", "language": "en", "is_active": true, "is_superuser": false, "is_staff": false, "last_login": "2013-10-22T20:52:15.373Z", "groups": [], "user_permissions": [], "password": "pbkdf2_sha256$10000$wINDuccslMbx$siGjLTK4ybWrGbgU1BpEooIlILkzNwb6h2jmeJikRMs=", "email": "testemail34@localhost.local", "date_joined": "2013-10-22T20:52:15.373Z"}}, {"pk": 36, "model": "core.user", "fields": {"username": "test_user_35", "first_name": "", "last_name": "", "language": "en", "is_active": true, "is_superuser": false, "is_staff": false, "last_login": "2013-10-22T20:52:15.521Z", "groups": [], "user_permissions": [], "password": "pbkdf2_sha256$10000$sfbDiRB3Loal$5pYsV885v3guzyTrrSGLDGvWl/815sRf2Ni9iHdWtxM=", "email": "testemail35@localhost.local", "date_joined": "2013-10-22T20:52:15.521Z"}}, {"pk": 37, "model": "core.user", "fields": {"username": "test_user_36", "first_name": "", "last_name": "", "language": "en", "is_active": true, "is_superuser": false, "is_staff": false, "last_login": "2013-10-22T20:52:15.669Z", "groups": [], "user_permissions": [], "password": "pbkdf2_sha256$10000$kOnpGo4eqbMw$5PTCcKhk7IGDQB0zViWP30F8mRoMyqqY5TnXLN/qdaQ=", "email": "testemail36@localhost.local", "date_joined": "2013-10-22T20:52:15.670Z"}}, {"pk": 38, "model": "core.user", "fields": {"username": "test_user_37", "first_name": "", "last_name": "", "language": "en", "is_active": true, "is_superuser": false, "is_staff": false, "last_login": "2013-10-22T20:52:15.822Z", "groups": [], "user_permissions": [], "password": "pbkdf2_sha256$10000$6dSiR6FmUwWi$RTAwF54sE88QP42itka4hs/mMjIK2DKhrxtb7WOsgWI=", "email": "testemail37@localhost.local", "date_joined": "2013-10-22T20:52:15.822Z"}}, {"pk": 39, "model": "core.user", "fields": {"username": "test_user_38", "first_name": "", "last_name": "", "language": "en", "is_active": true, "is_superuser": false, "is_staff": false, "last_login": "2013-10-22T20:52:15.965Z", "groups": [], "user_permissions": [], "password": "pbkdf2_sha256$10000$XTgPsfWFJYkE$X21S2/+26/lDAK1qjd1XNPWpDAGc2/TCA+mixHVTu48=", "email": "testemail38@localhost.local", "date_joined": "2013-10-22T20:52:15.965Z"}}, {"pk": 40, "model": "core.user", "fields": {"username": "test_user_39", "first_name": "", "last_name": "", "language": "en", "is_active": true, "is_superuser": false, "is_staff": false, "last_login": "2013-10-22T20:52:16.114Z", "groups": [], "user_permissions": [], "password": "pbkdf2_sha256$10000$p3VCiOwp1hgk$OOOvpFrl9PDDcKzUkt4ni+XiG79UzNLrKw5G1f/9mbM=", "email": "testemail39@localhost.local", "date_joined": "2013-10-22T20:52:16.114Z"}}, {"pk": 41, "model": "core.user", "fields": {"username": "test_user_40", "first_name": "", "last_name": "", "language": "en", "is_active": true, "is_superuser": false, "is_staff": false, "last_login": "2013-10-22T20:52:16.252Z", "groups": [], "user_permissions": [], "password": "pbkdf2_sha256$10000$RQulhpwUYADs$RjIgkQPHjWJkNJtcGHguOtYDhrHLtj9Qj1VivNAQYxo=", "email": "testemail40@localhost.local", "date_joined": "2013-10-22T20:52:16.252Z"}}, {"pk": 42, "model": "core.user", "fields": {"username": "test_user_41", "first_name": "", "last_name": "", "language": "en", "is_active": true, "is_superuser": false, "is_staff": false, "last_login": "2013-10-22T20:52:16.392Z", "groups": [], "user_permissions": [], "password": "pbkdf2_sha256$10000$ATHVZ1L8H3QV$2nq+pIvmG+gT4yd630gmRhLaaq7nfixx6qwFY4Yxyaw=", "email": "testemail41@localhost.local", "date_joined": "2013-10-22T20:52:16.392Z"}}, {"pk": 43, "model": "core.user", "fields": {"username": "test_user_42", "first_name": "", "last_name": "", "language": "en", "is_active": true, "is_superuser": false, "is_staff": false, "last_login": "2013-10-22T20:52:16.537Z", "groups": [], "user_permissions": [], "password": "pbkdf2_sha256$10000$OR94G365z7ve$eRh5jLRl+LWTPmis0RGW+/gSl9FQmzNk/8mlMQiXO2E=", "email": "testemail42@localhost.local", "date_joined": "2013-10-22T20:52:16.537Z"}}, {"pk": 44, "model": "core.user", "fields": {"username": "test_user_43", "first_name": "", "last_name": "", "language": "en", "is_active": true, "is_superuser": false, "is_staff": false, "last_login": "2013-10-22T20:52:16.682Z", "groups": [], "user_permissions": [], "password": "pbkdf2_sha256$10000$zkWUrJKUIJLm$Jr/xq++kgTFi+SMZ+E7O5/dBZs3U0Q3GIHJ4+2RHqHY=", "email": "testemail43@localhost.local", "date_joined": "2013-10-22T20:52:16.682Z"}}, {"pk": 45, "model": "core.user", "fields": {"username": "test_user_44", "first_name": "", "last_name": "", "language": "en", "is_active": true, "is_superuser": false, "is_staff": false, "last_login": "2013-10-22T20:52:16.821Z", "groups": [], "user_permissions": [], "password": "pbkdf2_sha256$10000$F8jemDmSS1VZ$cg6vpEFWSgzrWjil/QDkHRrfbQoI7zTP+XVdMSfefqA=", "email": "testemail44@localhost.local", "date_joined": "2013-10-22T20:52:16.821Z"}}, {"pk": 46, "model": "core.user", "fields": {"username": "test_user_45", "first_name": "", "last_name": "", "language": "en", "is_active": true, "is_superuser": false, "is_staff": false, "last_login": "2013-10-22T20:52:16.959Z", "groups": [], "user_permissions": [], "password": "pbkdf2_sha256$10000$IsARZhhRPgi9$aTosYhYL28EQXVyf3f1Bq45/NWjE1jIpPxXqfZFtv4U=", "email": "testemail45@localhost.local", "date_joined": "2013-10-22T20:52:16.959Z"}}, {"pk": 47, "model": "core.user", "fields": {"username": "test_user_46", "first_name": "", "last_name": "", "language": "en", "is_active": true, "is_superuser": false, "is_staff": false, "last_login": "2013-10-22T20:52:17.101Z", "groups": [], "user_permissions": [], "password": "pbkdf2_sha256$10000$NzgUlUnMFVio$UY11Pz1xYPMXdyNWpCXuv4r6XElwEYM+pho84Av9Yh8=", "email": "testemail46@localhost.local", "date_joined": "2013-10-22T20:52:17.101Z"}}, {"pk": 48, "model": "core.user", "fields": {"username": "test_user_47", "first_name": "", "last_name": "", "language": "en", "is_active": true, "is_superuser": false, "is_staff": false, "last_login": "2013-10-22T20:52:17.241Z", "groups": [], "user_permissions": [], "password": "pbkdf2_sha256$10000$DETWNMMmBjrI$R9GcF9AJTHUeoJWbtnFRxUyc3CljVQIJrKjlVOyeLhc=", "email": "testemail47@localhost.local", "date_joined": "2013-10-22T20:52:17.241Z"}}, {"pk": 49, "model": "core.user", "fields": {"username": "test_user_48", "first_name": "", "last_name": "", "language": "en", "is_active": true, "is_superuser": false, "is_staff": false, "last_login": "2013-10-22T20:52:17.384Z", "groups": [], "user_permissions": [], "password": "pbkdf2_sha256$10000$iotUBh75Ks31$E4wmeArTk0cBVm6qBGjDaNAAKCKau9ejlK/y9P4v1b0=", "email": "testemail48@localhost.local", "date_joined": "2013-10-22T20:52:17.384Z"}}, {"pk": 50, "model": "core.user", "fields": {"username": "test_user_49", "first_name": "", "last_name": "", "language": "en", "is_active": true, "is_superuser": false, "is_staff": false, "last_login": "2013-10-22T20:52:17.540Z", "groups": [], "user_permissions": [], "password": "pbkdf2_sha256$10000$gjzK1K6EznOz$R7S5QErTpyUxmamVNDH8pyjjOADsMPmBP6Q/1bgVXRY=", "email": "testemail49@localhost.local", "date_joined": "2013-10-22T20:52:17.540Z"}}, {"pk": 1, "model": "core.auction", "fields": {"status": "active", "description": "This is a test description for auction 0", "task_id": "", "title": "Test auction 0", "seller": 12, "min_price": 108.0, "deadline": "2014-02-01T05:25:17Z", "version": 0, "bid_version": 2}}, {"pk": 2, "model": "core.auction", "fields": {"status": "active", "description": "This is a test description for auction 1", "task_id": "", "title": "Test auction 1", "seller": 29, "min_price": 171.0, "deadline": "2014-02-01T05:25:17Z", "version": 0, "bid_version": 1}}, {"pk": 3, "model": "core.auction", "fields": {"status": "active", "description": "This is a test description for auction 2", "task_id": "", "title": "Test auction 2", "seller": 38, "min_price": 29.0, "deadline": "2014-02-01T05:25:17Z", "version": 0, "bid_version": 1}}, {"pk": 4, "model": "core.auction", "fields": {"status": "active", "description": "This is a test description for auction 3", "task_id": "", "title": "Test auction 3", "seller": 35, "min_price": 149.0, "deadline": "2014-02-01T05:25:17Z", "version": 0, "bid_version": 1}}, {"pk": 5, "model": "core.auction", "fields": {"status": "active", "description": "This is a test description for auction 4", "task_id": "", "title": "Test auction 4", "seller": 12, "min_price": 77.0, "deadline": "2014-02-01T05:25:17Z", "version": 0, "bid_version": 2}}, {"pk": 6, "model": "core.auction", "fields": {"status": "active", "description": "This is a test description for auction 5", "task_id": "", "title": "Test auction 5", "seller": 47, "min_price": 33.0, "deadline": "2014-02-01T05:25:17Z", "version": 0, "bid_version": 0}}, {"pk": 7, "model": "core.auction", "fields": {"status": "active", "description": "This is a test description for auction 6", "task_id": "", "title": "Test auction 6", "seller": 23, "min_price": 30.0, "deadline": "2014-02-01T05:25:17Z", "version": 0, "bid_version": 2}}, {"pk": 8, "model": "core.auction", "fields": {"status": "active", "description": "This is a test description for auction 7", "task_id": "", "title": "Test auction 7", "seller": 7, "min_price": 149.0, "deadline": "2014-02-01T05:25:17Z", "version": 0, "bid_version": 1}}, {"pk": 9, "model": "core.auction", "fields": {"status": "active", "description": "This is a test description for auction 8", "task_id": "", "title": "Test auction 8", "seller": 49, "min_price": 78.0, "deadline": "2014-02-01T05:25:17Z", "version": 0, "bid_version": 3}}, {"pk": 10, "model": "core.auction", "fields": {"status": "active", "description": "This is a test description for auction 9", "task_id": "", "title": "Test auction 9", "seller": 37, "min_price": 103.0, "deadline": "2014-02-01T05:25:17Z", "version": 0, "bid_version": 1}}, {"pk": 11, "model": "core.auction", "fields": {"status": "active", "description": "This is a test description for auction 10", "task_id": "", "title": "Test auction 10", "seller": 38, "min_price": 107.0, "deadline": "2014-02-01T05:25:17Z", "version": 0, "bid_version": 1}}, {"pk": 12, "model": "core.auction", "fields": {"status": "active", "description": "This is a test description for auction 11", "task_id": "", "title": "Test auction 11", "seller": 21, "min_price": 41.0, "deadline": "2014-02-01T05:25:17Z", "version": 0, "bid_version": 3}}, {"pk": 13, "model": "core.auction", "fields": {"status": "active", "description": "This is a test description for auction 12", "task_id": "", "title": "Test auction 12", "seller": 16, "min_price": 34.0, "deadline": "2014-02-01T05:25:17Z", "version": 0, "bid_version": 4}}, {"pk": 14, "model": "core.auction", "fields": {"status": "active", "description": "This is a test description for auction 13", "task_id": "", "title": "Test auction 13", "seller": 44, "min_price": 139.0, "deadline": "2014-02-01T05:25:17Z", "version": 0, "bid_version": 3}}, {"pk": 15, "model": "core.auction", "fields": {"status": "active", "description": "This is a test description for auction 14", "task_id": "", "title": "Test auction 14", "seller": 35, "min_price": 105.0, "deadline": "2014-02-01T05:25:17Z", "version": 0, "bid_version": 1}}, {"pk": 16, "model": "core.auction", "fields": {"status": "active", "description": "This is a test description for auction 15", "task_id": "", "title": "Test auction 15", "seller": 23, "min_price": 23.0, "deadline": "2014-02-01T05:25:17Z", "version": 0, "bid_version": 6}}, {"pk": 17, "model": "core.auction", "fields": {"status": "active", "description": "This is a test description for auction 16", "task_id": "", "title": "Test auction 16", "seller": 37, "min_price": 163.0, "deadline": "2014-02-01T05:25:17Z", "version": 0, "bid_version": 2}}, {"pk": 18, "model": "core.auction", "fields": {"status": "active", "description": "This is a test description for auction 17", "task_id": "", "title": "Test auction 17", "seller": 39, "min_price": 110.0, "deadline": "2014-02-01T05:25:17Z", "version": 0, "bid_version": 6}}, {"pk": 19, "model": "core.auction", "fields": {"status": "active", "description": "This is a test description for auction 18", "task_id": "", "title": "Test auction 18", "seller": 9, "min_price": 81.0, "deadline": "2014-02-01T05:25:17Z", "version": 0, "bid_version": 0}}, {"pk": 20, "model": "core.auction", "fields": {"status": "active", "description": "This is a test description for auction 19", "task_id": "", "title": "Test auction 19", "seller": 48, "min_price": 15.0, "deadline": "2014-02-01T05:25:17Z", "version": 0, "bid_version": 0}}, {"pk": 21, "model": "core.auction", "fields": {"status": "active", "description": "This is a test description for auction 20", "task_id": "", "title": "Test auction 20", "seller": 21, "min_price": 48.0, "deadline": "2014-02-01T05:25:17Z", "version": 0, "bid_version": 2}}, {"pk": 22, "model": "core.auction", "fields": {"status": "active", "description": "This is a test description for auction 21", "task_id": "", "title": "Test auction 21", "seller": 30, "min_price": 50.0, "deadline": "2014-02-01T05:25:17Z", "version": 0, "bid_version": 0}}, {"pk": 23, "model": "core.auction", "fields": {"status": "active", "description": "This is a test description for auction 22", "task_id": "", "title": "Test auction 22", "seller": 1, "min_price": 108.0, "deadline": "2014-02-01T05:25:17Z", "version": 0, "bid_version": 4}}, {"pk": 24, "model": "core.auction", "fields": {"status": "active", "description": "This is a test description for auction 23", "task_id": "", "title": "Test auction 23", "seller": 24, "min_price": 113.0, "deadline": "2014-02-01T05:25:17Z", "version": 0, "bid_version": 1}}, {"pk": 25, "model": "core.auction", "fields": {"status": "active", "description": "This is a test description for auction 24", "task_id": "", "title": "Test auction 24", "seller": 5, "min_price": 117.0, "deadline": "2014-02-01T05:25:17Z", "version": 0, "bid_version": 1}}, {"pk": 26, "model": "core.auction", "fields": {"status": "active", "description": "This is a test description for auction 25", "task_id": "", "title": "Test auction 25", "seller": 14, "min_price": 25.0, "deadline": "2014-02-01T05:25:17Z", "version": 0, "bid_version": 2}}, {"pk": 27, "model": "core.auction", "fields": {"status": "active", "description": "This is a test description for auction 26", "task_id": "", "title": "Test auction 26", "seller": 36, "min_price": 19.0, "deadline": "2014-02-01T05:25:17Z", "version": 0, "bid_version": 5}}, {"pk": 28, "model": "core.auction", "fields": {"status": "active", "description": "This is a test description for auction 27", "task_id": "", "title": "Test auction 27", "seller": 29, "min_price": 170.0, "deadline": "2014-02-01T05:25:17Z", "version": 0, "bid_version": 5}}, {"pk": 29, "model": "core.auction", "fields": {"status": "active", "description": "This is a test description for auction 28", "task_id": "", "title": "Test auction 28", "seller": 7, "min_price": 23.0, "deadline": "2014-02-01T05:25:17Z", "version": 0, "bid_version": 2}}, {"pk": 30, "model": "core.auction", "fields": {"status": "active", "description": "This is a test description for auction 29", "task_id": "", "title": "Test auction 29", "seller": 14, "min_price": 15.0, "deadline": "2014-02-01T05:25:17Z", "version": 0, "bid_version": 5}}, {"pk": 31, "model": "core.auction", "fields": {"status": "active", "description": "This is a test description for auction 30", "task_id": "", "title": "Test auction 30", "seller": 46, "min_price": 68.0, "deadline": "2014-02-01T05:25:17Z", "version": 0, "bid_version": 2}}, {"pk": 32, "model": "core.auction", "fields": {"status": "active", "description": "This is a test description for auction 31", "task_id": "", "title": "Test auction 31", "seller": 5, "min_price": 157.0, "deadline": "2014-02-01T05:25:17Z", "version": 0, "bid_version": 1}}, {"pk": 33, "model": "core.auction", "fields": {"status": "active", "description": "This is a test description for auction 32", "task_id": "", "title": "Test auction 32", "seller": 18, "min_price": 75.0, "deadline": "2014-02-01T05:25:17Z", "version": 0, "bid_version": 2}}, {"pk": 34, "model": "core.auction", "fields": {"status": "active", "description": "This is a test description for auction 33", "task_id": "", "title": "Test auction 33", "seller": 35, "min_price": 144.0, "deadline": "2014-02-01T05:25:17Z", "version": 0, "bid_version": 1}}, {"pk": 35, "model": "core.auction", "fields": {"status": "active", "description": "This is a test description for auction 34", "task_id": "", "title": "Test auction 34", "seller": 40, "min_price": 87.0, "deadline": "2014-02-01T05:25:17Z", "version": 0, "bid_version": 3}}, {"pk": 36, "model": "core.auction", "fields": {"status": "active", "description": "This is a test description for auction 35", "task_id": "", "title": "Test auction 35", "seller": 46, "min_price": 117.0, "deadline": "2014-02-01T05:25:17Z", "version": 0, "bid_version": 4}}, {"pk": 37, "model": "core.auction", "fields": {"status": "active", "description": "This is a test description for auction 36", "task_id": "", "title": "Test auction 36", "seller": 14, "min_price": 189.0, "deadline": "2014-02-01T05:25:17Z", "version": 0, "bid_version": 1}}, {"pk": 38, "model": "core.auction", "fields": {"status": "active", "description": "This is a test description for auction 37", "task_id": "", "title": "Test auction 37", "seller": 23, "min_price": 70.0, "deadline": "2014-02-01T05:25:17Z", "version": 0, "bid_version": 1}}, {"pk": 39, "model": "core.auction", "fields": {"status": "active", "description": "This is a test description for auction 38", "task_id": "", "title": "Test auction 38", "seller": 11, "min_price": 184.0, "deadline": "2014-02-01T05:25:17Z", "version": 0, "bid_version": 4}}, {"pk": 40, "model": "core.auction", "fields": {"status": "active", "description": "This is a test description for auction 39", "task_id": "", "title": "Test auction 39", "seller": 28, "min_price": 153.0, "deadline": "2014-02-01T05:25:17Z", "version": 0, "bid_version": 2}}, {"pk": 41, "model": "core.auction", "fields": {"status": "active", "description": "This is a test description for auction 40", "task_id": "", "title": "Test auction 40", "seller": 49, "min_price": 192.0, "deadline": "2014-02-01T05:25:17Z", "version": 0, "bid_version": 2}}, {"pk": 42, "model": "core.auction", "fields": {"status": "active", "description": "This is a test description for auction 41", "task_id": "", "title": "Test auction 41", "seller": 11, "min_price": 134.0, "deadline": "2014-02-01T05:25:17Z", "version": 0, "bid_version": 1}}, {"pk": 43, "model": "core.auction", "fields": {"status": "active", "description": "This is a test description for auction 42", "task_id": "", "title": "Test auction 42", "seller": 23, "min_price": 114.0, "deadline": "2014-02-01T05:25:17Z", "version": 0, "bid_version": 1}}, {"pk": 44, "model": "core.auction", "fields": {"status": "active", "description": "This is a test description for auction 43", "task_id": "", "title": "Test auction 43", "seller": 6, "min_price": 66.0, "deadline": "2014-02-01T05:25:17Z", "version": 0, "bid_version": 2}}, {"pk": 45, "model": "core.auction", "fields": {"status": "active", "description": "This is a test description for auction 44", "task_id": "", "title": "Test auction 44", "seller": 31, "min_price": 168.0, "deadline": "2014-02-01T05:25:17Z", "version": 0, "bid_version": 0}}, {"pk": 46, "model": "core.auction", "fields": {"status": "active", "description": "This is a test description for auction 45", "task_id": "", "title": "Test auction 45", "seller": 15, "min_price": 31.0, "deadline": "2014-02-01T05:25:17Z", "version": 0, "bid_version": 2}}, {"pk": 47, "model": "core.auction", "fields": {"status": "active", "description": "This is a test description for auction 46", "task_id": "", "title": "Test auction 46", "seller": 6, "min_price": 119.0, "deadline": "2014-02-01T05:25:17Z", "version": 0, "bid_version": 0}}, {"pk": 48, "model": "core.auction", "fields": {"status": "active", "description": "This is a test description for auction 47", "task_id": "", "title": "Test auction 47", "seller": 10, "min_price": 33.0, "deadline": "2014-02-01T05:25:17Z", "version": 0, "bid_version": 1}}, {"pk": 49, "model": "core.auction", "fields": {"status": "active", "description": "This is a test description for auction 48", "task_id": "", "title": "Test auction 48", "seller": 13, "min_price": 122.0, "deadline": "2014-02-01T05:25:17Z", "version": 0, "bid_version": 3}}, {"pk": 50, "model": "core.auction", "fields": {"status": "active", "description": "This is a test description for auction 49", "task_id": "", "title": "Test auction 49", "seller": 28, "min_price": 77.0, "deadline": "2014-02-01T05:25:17Z", "version": 0, "bid_version": 0}}, {"pk": 1, "model": "core.bid", "fields": {"auction": 37, "date_created": "2013-10-22T20:52:27.760Z", "amount": 189.01, "is_won": false, "user": 36}}, {"pk": 2, "model": "core.bid", "fields": {"auction": 25, "date_created": "2013-10-22T20:52:27.760Z", "amount": 117.01, "is_won": false, "user": 28}}, {"pk": 3, "model": "core.bid", "fields": {"auction": 49, "date_created": "2013-10-22T20:52:27.760Z", "amount": 122.01, "is_won": false, "user": 36}}, {"pk": 4, "model": "core.bid", "fields": {"auction": 23, "date_created": "2013-10-22T20:52:27.760Z", "amount": 108.01, "is_won": false, "user": 32}}, {"pk": 5, "model": "core.bid", "fields": {"auction": 40, "date_created": "2013-10-22T20:52:27.760Z", "amount": 153.01, "is_won": false, "user": 16}}, {"pk": 6, "model": "core.bid", "fields": {"auction": 23, "date_created": "2013-10-22T20:52:27.760Z", "amount": 108.02, "is_won": false, "user": 4}}, {"pk": 7, "model": "core.bid", "fields": {"auction": 16, "date_created": "2013-10-22T20:52:27.760Z", "amount": 23.01, "is_won": false, "user": 17}}, {"pk": 8, "model": "core.bid", "fields": {"auction": 4, "date_created": "2013-10-22T20:52:27.760Z", "amount": 149.01, "is_won": false, "user": 6}}, {"pk": 9, "model": "core.bid", "fields": {"auction": 26, "date_created": "2013-10-22T20:52:27.760Z", "amount": 25.01, "is_won": false, "user": 13}}, {"pk": 10, "model": "core.bid", "fields": {"auction": 18, "date_created": "2013-10-22T20:52:27.760Z", "amount": 110.01, "is_won": false, "user": 14}}, {"pk": 11, "model": "core.bid", "fields": {"auction": 49, "date_created": "2013-10-22T20:52:27.760Z", "amount": 122.02, "is_won": false, "user": 6}}, {"pk": 12, "model": "core.bid", "fields": {"auction": 12, "date_created": "2013-10-22T20:52:27.760Z", "amount": 41.01, "is_won": false, "user": 1}}, {"pk": 13, "model": "core.bid", "fields": {"auction": 7, "date_created": "2013-10-22T20:52:27.760Z", "amount": 30.01, "is_won": false, "user": 30}}, {"pk": 14, "model": "core.bid", "fields": {"auction": 29, "date_created": "2013-10-22T20:52:27.760Z", "amount": 23.01, "is_won": false, "user": 36}}, {"pk": 15, "model": "core.bid", "fields": {"auction": 16, "date_created": "2013-10-22T20:52:27.760Z", "amount": 23.02, "is_won": false, "user": 50}}, {"pk": 16, "model": "core.bid", "fields": {"auction": 5, "date_created": "2013-10-22T20:52:27.760Z", "amount": 77.01, "is_won": false, "user": 36}}, {"pk": 17, "model": "core.bid", "fields": {"auction": 27, "date_created": "2013-10-22T20:52:27.760Z", "amount": 19.01, "is_won": false, "user": 18}}, {"pk": 18, "model": "core.bid", "fields": {"auction": 9, "date_created": "2013-10-22T20:52:27.760Z", "amount": 78.01, "is_won": false, "user": 6}}, {"pk": 19, "model": "core.bid", "fields": {"auction": 44, "date_created": "2013-10-22T20:52:27.760Z", "amount": 66.01, "is_won": false, "user": 24}}, {"pk": 20, "model": "core.bid", "fields": {"auction": 28, "date_created": "2013-10-22T20:52:27.760Z", "amount": 170.01, "is_won": false, "user": 34}}, {"pk": 21, "model": "core.bid", "fields": {"auction": 36, "date_created": "2013-10-22T20:52:27.760Z", "amount": 117.01, "is_won": false, "user": 3}}, {"pk": 22, "model": "core.bid", "fields": {"auction": 31, "date_created": "2013-10-22T20:52:27.760Z", "amount": 68.01, "is_won": false, "user": 12}}, {"pk": 23, "model": "core.bid", "fields": {"auction": 39, "date_created": "2013-10-22T20:52:27.760Z", "amount": 184.01, "is_won": false, "user": 42}}, {"pk": 24, "model": "core.bid", "fields": {"auction": 41, "date_created": "2013-10-22T20:52:27.760Z", "amount": 192.01, "is_won": false, "user": 30}}, {"pk": 25, "model": "core.bid", "fields": {"auction": 43, "date_created": "2013-10-22T20:52:27.760Z", "amount": 114.01, "is_won": false, "user": 36}}, {"pk": 26, "model": "core.bid", "fields": {"auction": 27, "date_created": "2013-10-22T20:52:27.760Z", "amount": 19.02, "is_won": false, "user": 46}}, {"pk": 27, "model": "core.bid", "fields": {"auction": 10, "date_created": "2013-10-22T20:52:27.760Z", "amount": 103.01, "is_won": false, "user": 9}}, {"pk": 28, "model": "core.bid", "fields": {"auction": 30, "date_created": "2013-10-22T20:52:27.760Z", "amount": 15.01, "is_won": false, "user": 40}}, {"pk": 29, "model": "core.bid", "fields": {"auction": 21, "date_created": "2013-10-22T20:52:27.760Z", "amount": 48.01, "is_won": false, "user": 12}}, {"pk": 30, "model": "core.bid", "fields": {"auction": 12, "date_created": "2013-10-22T20:52:27.760Z", "amount": 41.02, "is_won": false, "user": 31}}, {"pk": 31, "model": "core.bid", "fields": {"auction": 38, "date_created": "2013-10-22T20:52:27.760Z", "amount": 70.01, "is_won": false, "user": 43}}, {"pk": 32, "model": "core.bid", "fields": {"auction": 14, "date_created": "2013-10-22T20:52:27.760Z", "amount": 139.01, "is_won": false, "user": 28}}, {"pk": 33, "model": "core.bid", "fields": {"auction": 17, "date_created": "2013-10-22T20:52:27.760Z", "amount": 163.01, "is_won": false, "user": 8}}, {"pk": 34, "model": "core.bid", "fields": {"auction": 13, "date_created": "2013-10-22T20:52:27.760Z", "amount": 34.01, "is_won": false, "user": 42}}, {"pk": 35, "model": "core.bid", "fields": {"auction": 12, "date_created": "2013-10-22T20:52:27.760Z", "amount": 41.03, "is_won": false, "user": 45}}, {"pk": 36, "model": "core.bid", "fields": {"auction": 18, "date_created": "2013-10-22T20:52:27.760Z", "amount": 110.02, "is_won": false, "user": 28}}, {"pk": 37, "model": "core.bid", "fields": {"auction": 35, "date_created": "2013-10-22T20:52:27.760Z", "amount": 87.01, "is_won": false, "user": 40}}, {"pk": 38, "model": "core.bid", "fields": {"auction": 33, "date_created": "2013-10-22T20:52:27.760Z", "amount": 75.01, "is_won": false, "user": 19}}, {"pk": 39, "model": "core.bid", "fields": {"auction": 35, "date_created": "2013-10-22T20:52:27.760Z", "amount": 87.02, "is_won": false, "user": 45}}, {"pk": 40, "model": "core.bid", "fields": {"auction": 30, "date_created": "2013-10-22T20:52:27.760Z", "amount": 15.02, "is_won": false, "user": 27}}, {"pk": 41, "model": "core.bid", "fields": {"auction": 16, "date_created": "2013-10-22T20:52:27.760Z", "amount": 23.03, "is_won": false, "user": 2}}, {"pk": 42, "model": "core.bid", "fields": {"auction": 39, "date_created": "2013-10-22T20:52:27.760Z", "amount": 184.02, "is_won": false, "user": 32}}, {"pk": 43, "model": "core.bid", "fields": {"auction": 46, "date_created": "2013-10-22T20:52:27.760Z", "amount": 31.01, "is_won": false, "user": 1}}, {"pk": 44, "model": "core.bid", "fields": {"auction": 16, "date_created": "2013-10-22T20:52:27.760Z", "amount": 23.04, "is_won": false, "user": 33}}, {"pk": 45, "model": "core.bid", "fields": {"auction": 39, "date_created": "2013-10-22T20:52:27.760Z", "amount": 184.03, "is_won": false, "user": 39}}, {"pk": 46, "model": "core.bid", "fields": {"auction": 41, "date_created": "2013-10-22T20:52:27.760Z", "amount": 192.02, "is_won": false, "user": 42}}, {"pk": 47, "model": "core.bid", "fields": {"auction": 18, "date_created": "2013-10-22T20:52:27.760Z", "amount": 110.03, "is_won": false, "user": 19}}, {"pk": 48, "model": "core.bid", "fields": {"auction": 5, "date_created": "2013-10-22T20:52:27.760Z", "amount": 77.02, "is_won": false, "user": 34}}, {"pk": 49, "model": "core.bid", "fields": {"auction": 28, "date_created": "2013-10-22T20:52:27.760Z", "amount": 170.02, "is_won": false, "user": 42}}, {"pk": 50, "model": "core.bid", "fields": {"auction": 14, "date_created": "2013-10-22T20:52:27.760Z", "amount": 139.02, "is_won": false, "user": 49}}, {"pk": 51, "model": "core.bid", "fields": {"auction": 28, "date_created": "2013-10-22T20:52:27.760Z", "amount": 170.03, "is_won": false, "user": 3}}, {"pk": 52, "model": "core.bid", "fields": {"auction": 31, "date_created": "2013-10-22T20:52:27.760Z", "amount": 68.02, "is_won": false, "user": 9}}, {"pk": 53, "model": "core.bid", "fields": {"auction": 39, "date_created": "2013-10-22T20:52:27.760Z", "amount": 184.04, "is_won": false, "user": 2}}, {"pk": 54, "model": "core.bid", "fields": {"auction": 30, "date_created": "2013-10-22T20:52:27.760Z", "amount": 15.03, "is_won": false, "user": 16}}, {"pk": 55, "model": "core.bid", "fields": {"auction": 40, "date_created": "2013-10-22T20:52:27.760Z", "amount": 153.02, "is_won": false, "user": 40}}, {"pk": 56, "model": "core.bid", "fields": {"auction": 42, "date_created": "2013-10-22T20:52:27.760Z", "amount": 134.01, "is_won": false, "user": 3}}, {"pk": 57, "model": "core.bid", "fields": {"auction": 27, "date_created": "2013-10-22T20:52:27.760Z", "amount": 19.03, "is_won": false, "user": 42}}, {"pk": 58, "model": "core.bid", "fields": {"auction": 24, "date_created": "2013-10-22T20:52:27.760Z", "amount": 113.01, "is_won": false, "user": 21}}, {"pk": 59, "model": "core.bid", "fields": {"auction": 16, "date_created": "2013-10-22T20:52:27.760Z", "amount": 23.05, "is_won": false, "user": 13}}, {"pk": 60, "model": "core.bid", "fields": {"auction": 49, "date_created": "2013-10-22T20:52:27.760Z", "amount": 122.03, "is_won": false, "user": 14}}, {"pk": 61, "model": "core.bid", "fields": {"auction": 30, "date_created": "2013-10-22T20:52:27.760Z", "amount": 15.04, "is_won": false, "user": 35}}, {"pk": 62, "model": "core.bid", "fields": {"auction": 18, "date_created": "2013-10-22T20:52:27.760Z", "amount": 110.04, "is_won": false, "user": 43}}, {"pk": 63, "model": "core.bid", "fields": {"auction": 1, "date_created": "2013-10-22T20:52:27.760Z", "amount": 108.01, "is_won": false, "user": 37}}, {"pk": 64, "model": "core.bid", "fields": {"auction": 2, "date_created": "2013-10-22T20:52:27.760Z", "amount": 171.01, "is_won": false, "user": 31}}, {"pk": 65, "model": "core.bid", "fields": {"auction": 36, "date_created": "2013-10-22T20:52:27.760Z", "amount": 117.02, "is_won": false, "user": 33}}, {"pk": 66, "model": "core.bid", "fields": {"auction": 23, "date_created": "2013-10-22T20:52:27.760Z", "amount": 108.03, "is_won": false, "user": 11}}, {"pk": 67, "model": "core.bid", "fields": {"auction": 33, "date_created": "2013-10-22T20:52:27.760Z", "amount": 75.02, "is_won": false, "user": 21}}, {"pk": 68, "model": "core.bid", "fields": {"auction": 1, "date_created": "2013-10-22T20:52:27.760Z", "amount": 108.02, "is_won": false, "user": 6}}, {"pk": 69, "model": "core.bid", "fields": {"auction": 13, "date_created": "2013-10-22T20:52:27.760Z", "amount": 34.02, "is_won": false, "user": 3}}, {"pk": 70, "model": "core.bid", "fields": {"auction": 15, "date_created": "2013-10-22T20:52:27.760Z", "amount": 105.01, "is_won": false, "user": 48}}, {"pk": 71, "model": "core.bid", "fields": {"auction": 27, "date_created": "2013-10-22T20:52:27.760Z", "amount": 19.04, "is_won": false, "user": 2}}, {"pk": 72, "model": "core.bid", "fields": {"auction": 13, "date_created": "2013-10-22T20:52:27.760Z", "amount": 34.03, "is_won": false, "user": 40}}, {"pk": 73, "model": "core.bid", "fields": {"auction": 36, "date_created": "2013-10-22T20:52:27.760Z", "amount": 117.03, "is_won": false, "user": 22}}, {"pk": 74, "model": "core.bid", "fields": {"auction": 9, "date_created": "2013-10-22T20:52:27.760Z", "amount": 78.02, "is_won": false, "user": 8}}, {"pk": 75, "model": "core.bid", "fields": {"auction": 46, "date_created": "2013-10-22T20:52:27.760Z", "amount": 31.02, "is_won": false, "user": 7}}, {"pk": 76, "model": "core.bid", "fields": {"auction": 17, "date_created": "2013-10-22T20:52:27.760Z", "amount": 163.02, "is_won": false, "user": 29}}, {"pk": 77, "model": "core.bid", "fields": {"auction": 8, "date_created": "2013-10-22T20:52:27.760Z", "amount": 149.01, "is_won": false, "user": 43}}, {"pk": 78, "model": "core.bid", "fields": {"auction": 23, "date_created": "2013-10-22T20:52:27.760Z", "amount": 108.04, "is_won": false, "user": 19}}, {"pk": 79, "model": "core.bid", "fields": {"auction": 9, "date_created": "2013-10-22T20:52:27.760Z", "amount": 78.03, "is_won": false, "user": 24}}, {"pk": 80, "model": "core.bid", "fields": {"auction": 36, "date_created": "2013-10-22T20:52:27.760Z", "amount": 117.04, "is_won": false, "user": 33}}, {"pk": 81, "model": "core.bid", "fields": {"auction": 7, "date_created": "2013-10-22T20:52:27.760Z", "amount": 30.02, "is_won": false, "user": 31}}, {"pk": 82, "model": "core.bid", "fields": {"auction": 14, "date_created": "2013-10-22T20:52:27.760Z", "amount": 139.03, "is_won": false, "user": 28}}, {"pk": 83, "model": "core.bid", "fields": {"auction": 34, "date_created": "2013-10-22T20:52:27.760Z", "amount": 144.01, "is_won": false, "user": 13}}, {"pk": 84, "model": "core.bid", "fields": {"auction": 13, "date_created": "2013-10-22T20:52:27.760Z", "amount": 34.04, "is_won": false, "user": 18}}, {"pk": 85, "model": "core.bid", "fields": {"auction": 28, "date_created": "2013-10-22T20:52:27.760Z", "amount": 170.04, "is_won": false, "user": 48}}, {"pk": 86, "model": "core.bid", "fields": {"auction": 18, "date_created": "2013-10-22T20:52:27.760Z", "amount": 110.05, "is_won": false, "user": 47}}, {"pk": 87, "model": "core.bid", "fields": {"auction": 18, "date_created": "2013-10-22T20:52:27.760Z", "amount": 110.06, "is_won": false, "user": 41}}, {"pk": 88, "model": "core.bid", "fields": {"auction": 30, "date_created": "2013-10-22T20:52:27.760Z", "amount": 15.05, "is_won": false, "user": 21}}, {"pk": 89, "model": "core.bid", "fields": {"auction": 48, "date_created": "2013-10-22T20:52:27.760Z", "amount": 33.01, "is_won": false, "user": 21}}, {"pk": 90, "model": "core.bid", "fields": {"auction": 16, "date_created": "2013-10-22T20:52:27.760Z", "amount": 23.06, "is_won": false, "user": 46}}, {"pk": 91, "model": "core.bid", "fields": {"auction": 26, "date_created": "2013-10-22T20:52:27.760Z", "amount": 25.02, "is_won": false, "user": 30}}, {"pk": 92, "model": "core.bid", "fields": {"auction": 3, "date_created": "2013-10-22T20:52:27.760Z", "amount": 29.01, "is_won": false, "user": 3}}, {"pk": 93, "model": "core.bid", "fields": {"auction": 35, "date_created": "2013-10-22T20:52:27.760Z", "amount": 87.03, "is_won": false, "user": 26}}, {"pk": 94, "model": "core.bid", "fields": {"auction": 27, "date_created": "2013-10-22T20:52:27.760Z", "amount": 19.05, "is_won": false, "user": 37}}, {"pk": 95, "model": "core.bid", "fields": {"auction": 44, "date_created": "2013-10-22T20:52:27.760Z", "amount": 66.02, "is_won": false, "user": 39}}, {"pk": 96, "model": "core.bid", "fields": {"auction": 28, "date_created": "2013-10-22T20:52:27.760Z", "amount": 170.05, "is_won": false, "user": 47}}, {"pk": 97, "model": "core.bid", "fields": {"auction": 29, "date_created": "2013-10-22T20:52:27.760Z", "amount": 23.02, "is_won": false, "user": 24}}, {"pk": 98, "model": "core.bid", "fields": {"auction": 11, "date_created": "2013-10-22T20:52:27.760Z", "amount": 107.01, "is_won": false, "user": 29}}, {"pk": 99, "model": "core.bid", "fields": {"auction": 21, "date_created": "2013-10-22T20:52:27.760Z", "amount": 48.02, "is_won": false, "user": 49}}, {"pk": 100, "model": "core.bid", "fields": {"auction": 32, "date_created": "2013-10-22T20:52:27.760Z", "amount": 157.01, "is_won": false, "user": 14}}]